{"stats":{"minecraft:used":{"minecraft:water_bucket":11,"minecraft:red_sand":1,"minecraft:grass_block":9,"minecraft:quartz_block":5,"tacz:gun_smith_table":2,"minecraft:oak_leaves":1,"minecraft:bucket":8,"alexsmobs:animal_dictionary":3},"minecraft:dropped":{"minecraft:enchanted_book":1,"minecraft:gunpowder":2,"minecraft:netherite_chestplate":1,"minecraft:netherite_helmet":1,"minecraft:netherite_boots":1,"minecraft:spruce_door":64,"minecraft:netherite_leggings":2,"minecraft:bone":3},"minecraft:killed":{"minecraft:skeleton":1,"born_in_chaos_v1:spirit_guide":2,"born_in_chaos_v1:fallen_chaos_knight":1,"born_in_chaos_v1:zombie_fisherman":1,"minecraft:husk":2,"born_in_chaos_v1:restless_spirit":1,"born_in_chaos_v1:skeleton_demoman":2,"born_in_chaos_v1:swarmer":1,"born_in_chaos_v1:spirit_guide_assistant":2,"born_in_chaos_v1:skeleton_thrasher":2,"born_in_chaos_v1:decrepit_skeleton":1,"alexsmobs:emu":1},"minecraft:picked_up":{"minecraft:birch_log":2,"minecraft:netherite_boots":2,"minecraft:iron_chestplate":1,"born_in_chaos_v1:monster_flesh":1,"minecraft:cherry_log":2,"born_in_chaos_v1:pieceofdarkmetal":1,"minecraft:gunpowder":4,"minecraft:netherite_leggings":2,"minecraft:iron_leggings":1,"minecraft:bone":13,"minecraft:rotten_flesh":2,"minecraft:netherite_helmet":2,"minecraft:iron_helmet":1,"minecraft:iron_ingot":1,"minecraft:netherite_chestplate":2,"born_in_chaos_v1:rotten_fish":1,"born_in_chaos_v1:spiritual_guide_sombrero_helmet":1,"minecraft:iron_boots":1},"minecraft:custom":{"minecraft:time_since_rest":77340,"minecraft:sprint_one_cm":18943,"minecraft:damage_taken":3355,"minecraft:walk_one_cm":22595,"minecraft:interact_with_anvil":2,"minecraft:mob_kills":17,"minecraft:drop":10,"minecraft:damage_dealt":39,"minecraft:fly_one_cm":1471137,"minecraft:player_kills":1,"minecraft:open_chest":1,"minecraft:crouch_one_cm":324,"minecraft:play_time":88489,"minecraft:deaths":1,"minecraft:sneak_time":1046,"minecraft:walk_under_water_one_cm":963,"minecraft:damage_dealt_resisted":3060,"minecraft:jump":262,"minecraft:leave_game":3,"minecraft:time_since_death":77296,"minecraft:walk_on_water_one_cm":1673,"minecraft:total_world_time":88489,"minecraft:climb_one_cm":777,"minecraft:fall_one_cm":209}},"DataVersion":3465}