{"stats":{"minecraft:used":{"minecraft:water_bucket":11,"minecraft:red_sand":2,"minecraft:grass_block":9,"minecraft:oak_stairs":6,"minecraft:quartz_block":5,"minecraft:copper_ore":2,"tacz:gun_smith_table":2,"minecraft:gilded_blackstone":4,"minecraft:oak_leaves":1,"minecraft:birch_trapdoor":1,"minecraft:crafting_table":1,"minecraft:netherite_pickaxe":3,"minecraft:bucket":8,"alexsmobs:animal_dictionary":3,"minecraft:orange_terracotta":7,"minecraft:milk_bucket":1,"mowziesmobs:wrought_axe":2},"minecraft:dropped":{"minecraft:enchanted_book":1,"minecraft:gunpowder":2,"minecraft:netherite_chestplate":1,"minecraft:netherite_helmet":1,"minecraft:netherite_boots":1,"gravestone:obituary":2,"minecraft:spruce_door":64,"minecraft:netherite_leggings":2,"minecraft:bone":3},"minecraft:mined":{"gravestone:gravestone":1,"minecraft:copper_ore":2},"minecraft:killed":{"minecraft:skeleton":1,"born_in_chaos_v1:spirit_guide":2,"born_in_chaos_v1:fallen_chaos_knight":1,"born_in_chaos_v1:zombie_fisherman":1,"minecraft:husk":2,"born_in_chaos_v1:restless_spirit":1,"born_in_chaos_v1:skeleton_demoman":2,"born_in_chaos_v1:swarmer":1,"born_in_chaos_v1:spirit_guide_assistant":2,"born_in_chaos_v1:skeleton_thrasher":2,"alexsmobs:fly":1,"born_in_chaos_v1:decrepit_skeleton":1,"alexsmobs:emu":1},"minecraft:picked_up":{"minecraft:birch_log":2,"minecraft:netherite_boots":2,"minecraft:iron_chestplate":1,"minecraft:milk_bucket":1,"born_in_chaos_v1:monster_flesh":1,"minecraft:cherry_log":2,"gravestone:obituary":1,"born_in_chaos_v1:pieceofdarkmetal":1,"minecraft:gunpowder":4,"minecraft:netherite_leggings":2,"minecraft:raw_copper":6,"minecraft:iron_leggings":1,"minecraft:bone":13,"minecraft:rotten_flesh":2,"minecraft:netherite_helmet":2,"minecraft:iron_helmet":1,"minecraft:iron_ingot":1,"alexsmobs:maggot":1,"minecraft:netherite_chestplate":2,"born_in_chaos_v1:rotten_fish":1,"born_in_chaos_v1:spiritual_guide_sombrero_helmet":1,"minecraft:iron_boots":1},"minecraft:custom":{"minecraft:interact_with_smithing_table":2,"minecraft:time_since_rest":8040,"minecraft:sprint_one_cm":22656,"minecraft:damage_taken":3404,"minecraft:walk_one_cm":44612,"minecraft:interact_with_anvil":4,"minecraft:mob_kills":18,"minecraft:drop":12,"minecraft:damage_dealt":119,"minecraft:interact_with_crafting_table":3,"minecraft:fly_one_cm":1484725,"minecraft:player_kills":1,"minecraft:open_chest":1,"minecraft:crouch_one_cm":1149,"minecraft:interact_with_loom":2,"minecraft:play_time":100489,"minecraft:deaths":2,"minecraft:sneak_time":1242,"minecraft:walk_under_water_one_cm":963,"minecraft:damage_dealt_resisted":3060,"minecraft:jump":333,"minecraft:leave_game":3,"minecraft:time_since_death":8012,"minecraft:walk_on_water_one_cm":1673,"minecraft:total_world_time":100489,"minecraft:climb_one_cm":777,"minecraft:fall_one_cm":1045}},"DataVersion":3465}