{"stats":{"minecraft:dropped":{"minecraft:gunpowder":2,"minecraft:netherite_chestplate":1,"minecraft:netherite_helmet":1,"minecraft:netherite_boots":1,"minecraft:spruce_door":64,"minecraft:netherite_leggings":2},"minecraft:used":{"minecraft:water_bucket":4,"minecraft:grass_block":9,"minecraft:quartz_block":5,"tacz:gun_smith_table":1,"minecraft:oak_leaves":1,"minecraft:bucket":2,"alexsmobs:animal_dictionary":3},"minecraft:killed":{"born_in_chaos_v1:zombie_fisherman":1,"born_in_chaos_v1:skeleton_demoman":2},"minecraft:picked_up":{"minecraft:birch_log":2,"minecraft:netherite_boots":2,"minecraft:iron_chestplate":1,"minecraft:cherry_log":2,"minecraft:gunpowder":4,"minecraft:netherite_leggings":2,"minecraft:iron_leggings":1,"minecraft:bone":3,"minecraft:rotten_flesh":2,"minecraft:netherite_helmet":2,"minecraft:iron_helmet":1,"minecraft:iron_ingot":1,"minecraft:netherite_chestplate":2,"born_in_chaos_v1:rotten_fish":1,"minecraft:iron_boots":1},"minecraft:custom":{"minecraft:time_since_rest":65340,"minecraft:sprint_one_cm":15128,"minecraft:damage_taken":3267,"minecraft:walk_one_cm":12824,"minecraft:mob_kills":3,"minecraft:drop":8,"minecraft:damage_dealt":19,"minecraft:fly_one_cm":1413880,"minecraft:open_chest":1,"minecraft:crouch_one_cm":324,"minecraft:play_time":76489,"minecraft:deaths":1,"minecraft:sneak_time":1042,"minecraft:walk_under_water_one_cm":95,"minecraft:jump":196,"minecraft:leave_game":3,"minecraft:time_since_death":65296,"minecraft:walk_on_water_one_cm":652,"minecraft:total_world_time":76489,"minecraft:climb_one_cm":777}},"DataVersion":3465}