{"stats":{"minecraft:crafted":{"minecraft:air":0},"minecraft:used":{"minecraft:water_bucket":12,"minecraft:red_sand":47,"minecraft:dead_bush":4,"tacz:gun_smith_table":2,"minecraft:oak_leaves":1,"minecraft:gilded_blackstone":4,"minecraft:crafting_table":1,"minecraft:milk_bucket":1,"mowziesmobs:wrought_axe":8,"minecraft:grass_block":9,"minecraft:oak_stairs":6,"minecraft:quartz_block":5,"minecraft:copper_ore":2,"create:water_wheel":1,"born_in_chaos_v1:spawn_structures_dark_tower":1,"minecraft:birch_trapdoor":1,"travelersbackpack:standard":2,"minecraft:bucket":8,"minecraft:netherite_pickaxe":3,"alexsmobs:animal_dictionary":3,"minecraft:orange_terracotta":7},"minecraft:dropped":{"minecraft:enchanted_book":1,"minecraft:netherite_helmet":1,"minecraft:netherite_chestplate":1,"minecraft:spruce_door":64,"minecraft:netherite_leggings":2,"minecraft:gunpowder":2,"minecraft:netherite_boots":1,"gravestone:obituary":2,"minecraft:bone":3},"minecraft:mined":{"gravestone:gravestone":1,"minecraft:copper_ore":2},"minecraft:killed":{"born_in_chaos_v1:fallen_chaos_knight":1,"born_in_chaos_v1:spirit_guide":2,"minecraft:husk":2,"born_in_chaos_v1:restless_spirit":1,"born_in_chaos_v1:skeleton_demoman":2,"born_in_chaos_v1:swarmer":2,"born_in_chaos_v1:spirit_guide_assistant":2,"born_in_chaos_v1:skeleton_thrasher_not_despawn":1,"born_in_chaos_v1:maggot":1,"born_in_chaos_v1:decrepit_skeleton":1,"alexsmobs:emu":1,"minecraft:skeleton":1,"born_in_chaos_v1:zombie_fisherman":1,"born_in_chaos_v1:corpse_fly":2,"born_in_chaos_v1:skeleton_thrasher":2,"alexsmobs:fly":1},"minecraft:picked_up":{"minecraft:birch_log":2,"born_in_chaos_v1:corpse_maggot":1,"minecraft:netherite_boots":2,"minecraft:iron_chestplate":1,"born_in_chaos_v1:monster_flesh":1,"gravestone:obituary":1,"minecraft:gunpowder":4,"minecraft:netherite_leggings":2,"minecraft:raw_copper":6,"minecraft:orange_terracotta":5,"minecraft:iron_leggings":1,"minecraft:bone":13,"minecraft:iron_ingot":1,"minecraft:iron_boots":1,"minecraft:stick":1,"minecraft:milk_bucket":1,"minecraft:cherry_log":2,"born_in_chaos_v1:pieceofdarkmetal":1,"travelersbackpack:standard":1,"minecraft:rotten_flesh":2,"minecraft:netherite_helmet":2,"minecraft:iron_helmet":1,"minecraft:netherite_chestplate":2,"alexsmobs:maggot":1,"born_in_chaos_v1:rotten_fish":1,"born_in_chaos_v1:spiritual_guide_sombrero_helmet":1},"minecraft:custom":{"minecraft:interact_with_smithing_table":5,"minecraft:mob_kills":23,"minecraft:interact_with_anvil":4,"minecraft:interact_with_crafting_table":3,"minecraft:interact_with_loom":2,"minecraft:damage_dealt_resisted":3060,"minecraft:leave_game":3,"minecraft:time_since_death":20012,"minecraft:climb_one_cm":777,"minecraft:time_since_rest":20040,"minecraft:sprint_one_cm":25256,"minecraft:damage_taken":3404,"minecraft:walk_one_cm":55505,"minecraft:drop":12,"minecraft:damage_dealt":429,"minecraft:fly_one_cm":1492545,"minecraft:player_kills":1,"minecraft:open_chest":1,"minecraft:crouch_one_cm":1149,"minecraft:play_time":112489,"minecraft:deaths":2,"minecraft:sneak_time":1302,"minecraft:walk_under_water_one_cm":963,"minecraft:jump":361,"minecraft:walk_on_water_one_cm":1673,"minecraft:total_world_time":112489,"minecraft:fall_one_cm":1045}},"DataVersion":3465}