{"stats":{"minecraft:killed_by":{"minecraft:player":1},"minecraft:crafted":{"minecraft:air":0},"minecraft:killed":{"born_in_chaos_v1:zombie_clown":1,"born_in_chaos_v1:fallen_chaos_knight":1,"born_in_chaos_v1:spirit_guide":2,"minecraft:husk":2,"born_in_chaos_v1:bone_imp_minion":3,"born_in_chaos_v1:zombie_lumberjack":1,"born_in_chaos_v1:restless_spirit":1,"born_in_chaos_v1:skeleton_demoman":2,"born_in_chaos_v1:swarmer":2,"born_in_chaos_v1:spirit_guide_assistant":2,"alexsmobs:tasmanian_devil":1,"born_in_chaos_v1:skeleton_thrasher_not_despawn":1,"minecraft:creeper":1,"born_in_chaos_v1:decrepit_skeleton":1,"born_in_chaos_v1:maggot":4,"alexsmobs:emu":1,"minecraft:skeleton":1,"born_in_chaos_v1:zombie_fisherman":1,"born_in_chaos_v1:corpse_fly":2,"born_in_chaos_v1:dark_vortex":1,"born_in_chaos_v1:skeleton_thrasher":2,"alexsmobs:fly":1,"minecraft:enderman":1},"minecraft:used":{"born_in_chaos_v1:dark_ritual_dagger":17,"minecraft:water_bucket":12,"born_in_chaos_v1:spiritof_chaos_spawn_egg":1,"minecraft:red_sand":83,"minecraft:dead_bush":4,"immersive_aircraft:airship":1,"alexscaves:copper_valve":1,"tacz:gun_smith_table":2,"minecraft:oak_leaves":1,"minecraft:gilded_blackstone":4,"minecraft:dirt":20,"elevatorid:elevator_black":5,"minecraft:crafting_table":1,"mowziesmobs:wrought_axe":10,"minecraft:milk_bucket":1,"born_in_chaos_v1:supreme_measure":2,"minecraft:grass_block":19,"minecraft:oak_stairs":6,"minecraft:quartz_block":5,"minecraft:copper_ore":2,"create:water_wheel":1,"born_in_chaos_v1:spawn_structures_dark_tower":1,"minecraft:birch_trapdoor":1,"travelersbackpack:standard":2,"minecraft:cooked_porkchop":2,"alexsmobs:spawn_egg_tasmanian_devil":1,"minecraft:bucket":8,"minecraft:netherite_pickaxe":3,"alexsmobs:animal_dictionary":3,"immersive_aircraft:biplane":1,"minecraft:orange_terracotta":10,"minecraft:splash_potion":20},"minecraft:dropped":{"minecraft:enchanted_book":1,"minecraft:cooked_porkchop":42,"minecraft:netherite_helmet":1,"minecraft:netherite_chestplate":1,"minecraft:spruce_door":64,"minecraft:netherite_leggings":2,"minecraft:gunpowder":2,"minecraft:netherite_boots":1,"tacz:ammo":15,"gravestone:obituary":2,"tacz:modern_kinetic_gun":2,"minecraft:bone":4},"minecraft:broken":{"born_in_chaos_v1:dark_metal_armor_chestplate":1,"born_in_chaos_v1:dark_metal_armor_helmet":1,"born_in_chaos_v1:dark_metal_armor_boots":1,"born_in_chaos_v1:dark_metal_armor_leggings":1},"minecraft:mined":{"gravestone:gravestone":1,"minecraft:copper_ore":2},"minecraft:custom":{"minecraft:interact_with_smithing_table":5,"minecraft:interact_with_anvil":4,"minecraft:mob_kills":35,"minecraft:interact_with_crafting_table":3,"minecraft:interact_with_loom":3,"minecraft:damage_dealt_resisted":3060,"minecraft:leave_game":6,"minecraft:time_since_death":33444,"minecraft:climb_one_cm":1150,"minecraft:time_since_rest":33473,"minecraft:sprint_one_cm":46056,"minecraft:damage_taken":36953,"minecraft:walk_one_cm":104198,"minecraft:drop":72,"minecraft:damage_dealt":1927,"minecraft:fly_one_cm":1940813,"minecraft:player_kills":1,"minecraft:open_chest":1,"minecraft:crouch_one_cm":2177,"minecraft:play_time":166624,"minecraft:deaths":4,"minecraft:sneak_time":2178,"minecraft:walk_under_water_one_cm":963,"minecraft:jump":671,"minecraft:walk_on_water_one_cm":1673,"minecraft:total_world_time":166624,"minecraft:fall_one_cm":6717},"minecraft:picked_up":{"minecraft:birch_log":2,"born_in_chaos_v1:corpse_maggot":3,"minecraft:netherite_boots":3,"minecraft:iron_chestplate":1,"born_in_chaos_v1:seedof_chaos":1,"minecraft:dark_oak_button":5,"born_in_chaos_v1:monster_flesh":2,"minecraft:water_bucket":1,"alexscaves:raygun":1,"gravestone:obituary":1,"minecraft:gunpowder":4,"minecraft:netherite_leggings":3,"minecraft:string":7,"minecraft:lantern":1,"minecraft:raw_copper":7,"immersive_aircraft:biplane":1,"minecraft:iron_leggings":1,"minecraft:orange_terracotta":6,"born_in_chaos_v1:monster_skin":5,"born_in_chaos_v1:intoxicating_decoction":2,"minecraft:red_carpet":1,"minecraft:bone":14,"minecraft:apple":4,"minecraft:wheat_seeds":4,"minecraft:red_sand":2,"alexsmobs:hemolymph_blaster":1,"minecraft:iron_ingot":53,"born_in_chaos_v1:smoked_flesh":6,"minecraft:oak_planks":1,"minecraft:iron_boots":1,"minecraft:book":3,"minecraft:stick":1,"minecraft:milk_bucket":1,"born_in_chaos_v1:ethereal_spirit":2,"immersive_aircraft:boiler":1,"immersive_aircraft:engine":1,"born_in_chaos_v1:dark_rod":2,"minecraft:cherry_log":2,"born_in_chaos_v1:pieceofdarkmetal":1,"minecraft:carrot":2,"travelersbackpack:standard":3,"born_in_chaos_v1:supreme_measure":1,"minecraft:arrow":13,"minecraft:rotten_flesh":5,"minecraft:diamond":6,"alexscaves:copper_valve":1,"minecraft:netherite_helmet":3,"tacz:modern_kinetic_gun":2,"minecraft:iron_helmet":1,"minecraft:golden_horse_armor":1,"minecraft:gold_ingot":17,"alexsmobs:maggot":1,"minecraft:netherite_chestplate":3,"born_in_chaos_v1:spiritual_guide_sombrero_helmet":1,"born_in_chaos_v1:rotten_fish":1,"minecraft:light_gray_carpet":2,"minecraft:coal":3}},"DataVersion":3465}