{"stats":{"minecraft:used":{"minecraft:oak_leaves":1,"minecraft:water_bucket":3,"minecraft:grass_block":9,"minecraft:bucket":1,"minecraft:quartz_block":5,"alexsmobs:animal_dictionary":3},"minecraft:killed":{"born_in_chaos_v1:zombie_fisherman":1,"born_in_chaos_v1:skeleton_demoman":1},"minecraft:picked_up":{"minecraft:birch_log":2,"minecraft:bone":1,"minecraft:rotten_flesh":2,"minecraft:iron_ingot":1,"minecraft:cherry_log":2,"minecraft:gunpowder":2,"born_in_chaos_v1:rotten_fish":1},"minecraft:custom":{"minecraft:open_chest":1,"minecraft:time_since_rest":53340,"minecraft:crouch_one_cm":324,"minecraft:sprint_one_cm":14790,"minecraft:play_time":64489,"minecraft:damage_taken":273,"minecraft:deaths":1,"minecraft:walk_one_cm":9883,"minecraft:sneak_time":1024,"minecraft:walk_under_water_one_cm":95,"minecraft:mob_kills":2,"minecraft:jump":178,"minecraft:damage_dealt":19,"minecraft:leave_game":3,"minecraft:walk_on_water_one_cm":652,"minecraft:time_since_death":53296,"minecraft:climb_one_cm":777,"minecraft:total_world_time":64489,"minecraft:fly_one_cm":1328937}},"DataVersion":3465}