{"stats":{"minecraft:crafted":{"minecraft:air":0},"minecraft:dropped":{"minecraft:enchanted_book":1,"minecraft:netherite_helmet":1,"minecraft:netherite_chestplate":1,"minecraft:spruce_door":64,"minecraft:netherite_leggings":2,"minecraft:gunpowder":2,"minecraft:netherite_boots":1,"gravestone:obituary":2,"minecraft:bone":4},"minecraft:used":{"born_in_chaos_v1:dark_ritual_dagger":17,"minecraft:water_bucket":12,"minecraft:red_sand":80,"minecraft:dead_bush":4,"immersive_aircraft:airship":1,"alexscaves:copper_valve":1,"tacz:gun_smith_table":2,"minecraft:oak_leaves":1,"minecraft:gilded_blackstone":4,"minecraft:crafting_table":1,"minecraft:milk_bucket":1,"mowziesmobs:wrought_axe":10,"minecraft:grass_block":9,"minecraft:oak_stairs":6,"minecraft:quartz_block":5,"minecraft:copper_ore":2,"create:water_wheel":1,"born_in_chaos_v1:spawn_structures_dark_tower":1,"minecraft:birch_trapdoor":1,"travelersbackpack:standard":2,"minecraft:bucket":8,"minecraft:netherite_pickaxe":3,"alexsmobs:animal_dictionary":3,"immersive_aircraft:biplane":1,"minecraft:orange_terracotta":10},"minecraft:mined":{"gravestone:gravestone":1,"minecraft:copper_ore":2},"minecraft:killed":{"born_in_chaos_v1:zombie_clown":1,"born_in_chaos_v1:fallen_chaos_knight":1,"born_in_chaos_v1:spirit_guide":2,"minecraft:husk":2,"born_in_chaos_v1:bone_imp_minion":3,"born_in_chaos_v1:restless_spirit":1,"born_in_chaos_v1:skeleton_demoman":2,"born_in_chaos_v1:swarmer":2,"born_in_chaos_v1:spirit_guide_assistant":2,"born_in_chaos_v1:skeleton_thrasher_not_despawn":1,"born_in_chaos_v1:maggot":4,"born_in_chaos_v1:decrepit_skeleton":1,"alexsmobs:emu":1,"minecraft:skeleton":1,"born_in_chaos_v1:zombie_fisherman":1,"born_in_chaos_v1:corpse_fly":2,"born_in_chaos_v1:skeleton_thrasher":2,"alexsmobs:fly":1},"minecraft:picked_up":{"minecraft:birch_log":2,"born_in_chaos_v1:corpse_maggot":3,"minecraft:netherite_boots":2,"minecraft:iron_chestplate":1,"minecraft:dark_oak_button":5,"born_in_chaos_v1:monster_flesh":2,"gravestone:obituary":1,"minecraft:gunpowder":4,"minecraft:netherite_leggings":2,"minecraft:string":7,"minecraft:lantern":1,"minecraft:raw_copper":6,"immersive_aircraft:biplane":1,"born_in_chaos_v1:monster_skin":5,"minecraft:orange_terracotta":5,"minecraft:iron_leggings":1,"born_in_chaos_v1:intoxicating_decoction":2,"minecraft:red_carpet":1,"minecraft:bone":14,"minecraft:apple":4,"minecraft:wheat_seeds":4,"born_in_chaos_v1:smoked_flesh":6,"minecraft:iron_ingot":53,"minecraft:iron_boots":1,"minecraft:book":3,"minecraft:stick":1,"minecraft:milk_bucket":1,"immersive_aircraft:boiler":1,"immersive_aircraft:engine":1,"minecraft:cherry_log":2,"born_in_chaos_v1:pieceofdarkmetal":1,"minecraft:carrot":2,"travelersbackpack:standard":1,"minecraft:arrow":13,"minecraft:rotten_flesh":5,"minecraft:diamond":2,"minecraft:netherite_helmet":2,"minecraft:iron_helmet":1,"minecraft:gold_ingot":17,"minecraft:golden_horse_armor":1,"minecraft:netherite_chestplate":2,"alexsmobs:maggot":1,"minecraft:light_gray_carpet":2,"born_in_chaos_v1:rotten_fish":1,"born_in_chaos_v1:spiritual_guide_sombrero_helmet":1,"minecraft:coal":3},"minecraft:custom":{"minecraft:interact_with_smithing_table":5,"minecraft:mob_kills":30,"minecraft:interact_with_anvil":4,"minecraft:interact_with_crafting_table":3,"minecraft:interact_with_loom":3,"minecraft:damage_dealt_resisted":3060,"minecraft:leave_game":3,"minecraft:time_since_death":14974,"minecraft:climb_one_cm":777,"minecraft:time_since_rest":15007,"minecraft:sprint_one_cm":31347,"minecraft:damage_taken":3768,"minecraft:walk_one_cm":71135,"minecraft:drop":13,"minecraft:damage_dealt":1606,"minecraft:fly_one_cm":1510002,"minecraft:player_kills":1,"minecraft:open_chest":1,"minecraft:crouch_one_cm":1149,"minecraft:play_time":130489,"minecraft:deaths":3,"minecraft:sneak_time":1305,"minecraft:walk_under_water_one_cm":963,"minecraft:jump":428,"minecraft:walk_on_water_one_cm":1673,"minecraft:total_world_time":130489,"minecraft:fall_one_cm":1045}},"DataVersion":3465}