{"stats":{"minecraft:used":{"alexsmobs:animal_dictionary":3},"minecraft:killed":{"born_in_chaos_v1:zombie_fisherman":1,"born_in_chaos_v1:skeleton_demoman":1},"minecraft:picked_up":{"minecraft:birch_log":2,"minecraft:bone":1,"minecraft:rotten_flesh":2,"minecraft:iron_ingot":1,"minecraft:cherry_log":2,"minecraft:gunpowder":2,"born_in_chaos_v1:rotten_fish":1},"minecraft:custom":{"minecraft:open_chest":1,"minecraft:time_since_rest":41340,"minecraft:crouch_one_cm":324,"minecraft:sprint_one_cm":14216,"minecraft:play_time":52489,"minecraft:damage_taken":270,"minecraft:deaths":1,"minecraft:walk_one_cm":6682,"minecraft:sneak_time":730,"minecraft:walk_under_water_one_cm":95,"minecraft:mob_kills":2,"minecraft:jump":152,"minecraft:damage_dealt":9,"minecraft:leave_game":3,"minecraft:walk_on_water_one_cm":347,"minecraft:time_since_death":41296,"minecraft:climb_one_cm":37,"minecraft:total_world_time":52489,"minecraft:fly_one_cm":1137982}},"DataVersion":3465}