{"stats":{"minecraft:crafted":{"minecraft:oak_planks":28,"minecraft:crafting_table":2,"minecraft:stick":8,"minecraft:wooden_pickaxe":2,"minecraft:wooden_axe":2,"minecraft:jungle_planks":4},"minecraft:killed":{"born_in_chaos_v1:spiritof_chaos":1,"born_in_chaos_v1:baby_skeleton":1,"minecraft:rabbit":1},"minecraft:used":{"minecraft:wooden_axe":21,"minecraft:dirt":3,"minecraft:sand":26,"minecraft:crafting_table":2,"minecraft:jungle_planks":1,"alexsmobs:animal_dictionary":1},"minecraft:dropped":{"gravestone:obituary":1,"tacz:modern_kinetic_gun":1},"minecraft:mined":{"minecraft:jungle_leaves":2,"minecraft:crafting_table":1,"minecraft:grass_block":3,"minecraft:oak_log":7,"minecraft:jungle_log":1,"minecraft:dead_bush":3,"minecraft:sand":34,"minecraft:dirt":24,"minecraft:oak_leaves":3},"minecraft:custom":{"minecraft:time_since_rest":0,"minecraft:sprint_one_cm":49063,"minecraft:damage_taken":3110,"minecraft:walk_one_cm":87226,"minecraft:mob_kills":3,"minecraft:drop":2,"minecraft:damage_dealt":383,"minecraft:interact_with_crafting_table":2,"minecraft:fly_one_cm":48872,"minecraft:crouch_one_cm":3985,"minecraft:play_time":31806,"minecraft:deaths":3,"minecraft:sneak_time":2822,"minecraft:jump":442,"minecraft:leave_game":1,"minecraft:time_since_death":0,"minecraft:walk_on_water_one_cm":2060,"minecraft:climb_one_cm":3042,"minecraft:total_world_time":31806,"minecraft:fall_one_cm":16685},"minecraft:picked_up":{"minecraft:stick":2,"minecraft:crafting_table":1,"minecraft:cooked_porkchop":42,"minecraft:jungle_log":1,"minecraft:sand":27,"minecraft:oak_log":8,"minecraft:dirt":27,"tacz:ammo":15,"minecraft:bone":1,"minecraft:rotten_flesh":1,"tacz:modern_kinetic_gun":2,"minecraft:rabbit_hide":1,"minecraft:iron_ingot":1,"minecraft:rabbit":1,"minecraft:oak_sapling":1}},"DataVersion":3465}