{"stats":{"minecraft:used":{"minecraft:water_bucket":5,"minecraft:dispenser":4,"minecraft:quartz_block":64,"minecraft:bucket":3,"alexsmobs:animal_dictionary":2,"minecraft:chiseled_quartz_block":51,"minecraft:coarse_dirt":19,"minecraft:enchanted_golden_apple":3,"minecraft:splash_potion":116},"minecraft:dropped":{"minecraft:water_bucket":1,"minecraft:gunpowder":2,"minecraft:coarse_dirt":2,"alexsmobs:animal_dictionary":1,"minecraft:iron_chestplate":1,"minecraft:netherite_helmet":2,"minecraft:netherite_chestplate":2,"minecraft:netherite_boots":2,"minecraft:iron_helmet":1,"minecraft:iron_leggings":1,"gravestone:obituary":1,"minecraft:iron_boots":1,"minecraft:netherite_leggings":2,"minecraft:stick":6},"minecraft:mined":{"minecraft:oak_leaves":1},"minecraft:picked_up":{"minecraft:stick":6,"minecraft:netherite_boots":1,"minecraft:coarse_dirt":1,"minecraft:gunpowder":4,"minecraft:netherite_leggings":1,"alexsmobs:animal_dictionary":1,"minecraft:netherite_helmet":1,"minecraft:netherite_chestplate":1},"minecraft:custom":{"minecraft:time_since_rest":7402,"minecraft:walk_one_cm":20370,"minecraft:sprint_one_cm":7957,"minecraft:damage_taken":830,"minecraft:damage_absorbed":88,"minecraft:drop":23,"minecraft:damage_dealt":23,"minecraft:fly_one_cm":177190,"minecraft:crouch_one_cm":1967,"minecraft:play_time":22698,"minecraft:deaths":1,"minecraft:sneak_time":499,"minecraft:walk_under_water_one_cm":590,"minecraft:jump":152,"minecraft:time_since_death":7373,"minecraft:walk_on_water_one_cm":541,"minecraft:damage_resisted":22,"minecraft:total_world_time":22698,"minecraft:fall_one_cm":6335}},"DataVersion":3465}