{"stats":{"minecraft:used":{"minecraft:water_bucket":5,"minecraft:dispenser":4,"minecraft:bucket":3,"minecraft:quartz_block":64,"alexsmobs:animal_dictionary":2,"minecraft:chiseled_quartz_block":51,"minecraft:coarse_dirt":19,"minecraft:enchanted_golden_apple":3},"minecraft:dropped":{"minecraft:water_bucket":1,"minecraft:coarse_dirt":2,"alexsmobs:animal_dictionary":1,"minecraft:stick":6},"minecraft:mined":{"minecraft:oak_leaves":1},"minecraft:picked_up":{"minecraft:coarse_dirt":1,"minecraft:stick":6,"alexsmobs:animal_dictionary":1},"minecraft:custom":{"minecraft:time_since_rest":10698,"minecraft:crouch_one_cm":1967,"minecraft:damage_absorbed":88,"minecraft:play_time":10698,"minecraft:sprint_one_cm":5839,"minecraft:damage_taken":620,"minecraft:walk_one_cm":10851,"minecraft:sneak_time":422,"minecraft:walk_under_water_one_cm":590,"minecraft:drop":8,"minecraft:jump":101,"minecraft:damage_dealt":23,"minecraft:walk_on_water_one_cm":43,"minecraft:time_since_death":10698,"minecraft:total_world_time":10698,"minecraft:damage_resisted":22,"minecraft:fall_one_cm":6335,"minecraft:fly_one_cm":123348}},"DataVersion":3465}