{"stats":{"minecraft:crafted":{"minecraft:air":0},"minecraft:used":{"minecraft:water_bucket":6,"minecraft:red_sand":178,"alexsmobs:transmutation_table":8,"minecraft:dispenser":4,"minecraft:oak_planks":6,"minecraft:cactus":5,"minecraft:beacon":2,"minecraft:diamond_block":34,"minecraft:anvil":2,"elevatorid:elevator_black":21,"minecraft:diamond_helmet":1,"minecraft:chiseled_quartz_block":51,"born_in_chaos_v1:supreme_measure":2,"minecraft:bookshelf":28,"minecraft:quartz_block":115,"travelersbackpack:standard":1,"minecraft:smithing_table":1,"minecraft:bucket":4,"alexsmobs:animal_dictionary":2,"minecraft:coarse_dirt":19,"minecraft:orange_terracotta":73,"minecraft:enchanted_golden_apple":3,"minecraft:splash_potion":149},"minecraft:dropped":{"minecraft:water_bucket":2,"minecraft:coarse_dirt":2,"alexsmobs:animal_dictionary":1,"minecraft:raw_copper":1,"minecraft:diamond":4,"minecraft:nether_star":7,"alexsmobs:hemolymph_blaster":1,"alexscaves:copper_valve":1,"minecraft:netherite_chestplate":3,"minecraft:netherite_helmet":3,"minecraft:iron_helmet":1,"minecraft:rotten_flesh":2,"minecraft:oak_planks":1,"minecraft:iron_boots":1,"travelersbackpack:standard":2,"minecraft:netherite_leggings":3,"minecraft:stick":6,"minecraft:gunpowder":2,"minecraft:milk_bucket":1,"minecraft:orange_terracotta":19,"minecraft:iron_chestplate":1,"born_in_chaos_v1:corpse_maggot":4,"minecraft:netherite_boots":3,"minecraft:iron_leggings":1,"gravestone:obituary":4,"tacz:modern_kinetic_gun":1,"minecraft:red_sand":27,"born_in_chaos_v1:supreme_measure":1,"minecraft:cactus":2,"alexscaves:raygun":1},"minecraft:mined":{"minecraft:oak_leaves":1},"minecraft:killed":{"minecraft:witch":1,"born_in_chaos_v1:restless_spirit":1,"born_in_chaos_v1:corpse_fly":1,"born_in_chaos_v1:door_knight":1,"minecraft:enderman":1},"minecraft:broken":{"minecraft:diamond_helmet":1},"minecraft:killed_by":{"minecraft:player":1},"minecraft:picked_up":{"born_in_chaos_v1:corpse_maggot":4,"minecraft:netherite_boots":1,"minecraft:coarse_dirt":1,"minecraft:dark_oak_button":3,"born_in_chaos_v1:spiritual_dust":4,"born_in_chaos_v1:seedof_chaos":1,"minecraft:enchanted_book":1,"gravestone:obituary":1,"minecraft:gunpowder":4,"minecraft:netherite_leggings":1,"minecraft:dirt":1,"minecraft:lantern":1,"minecraft:orange_terracotta":56,"minecraft:bone":4,"minecraft:wheat_seeds":9,"minecraft:red_sand":52,"minecraft:glass_bottle":2,"minecraft:stick":11,"born_in_chaos_v1:shattered_skull":1,"born_in_chaos_v1:orbofthe_summoner":1,"born_in_chaos_v1:pieceofdarkmetal":2,"minecraft:carrot":1,"alexsmobs:animal_dictionary":1,"minecraft:cactus":2,"minecraft:rotten_flesh":4,"minecraft:netherite_helmet":1,"minecraft:netherite_chestplate":1,"alexsmobs:maggot":1,"minecraft:nether_star":8},"minecraft:custom":{"minecraft:interact_with_smithing_table":5,"minecraft:mob_kills":5,"minecraft:interact_with_anvil":2,"minecraft:interact_with_loom":8,"minecraft:damage_dealt_resisted":2646,"minecraft:leave_game":1,"minecraft:time_since_death":21962,"minecraft:damage_resisted":22,"minecraft:time_since_rest":21992,"minecraft:damage_absorbed":88,"minecraft:sprint_one_cm":36900,"minecraft:damage_taken":23425,"minecraft:walk_one_cm":99062,"minecraft:drop":53,"minecraft:damage_dealt":249,"minecraft:swim_one_cm":301,"minecraft:player_kills":1,"minecraft:fly_one_cm":292545,"minecraft:crouch_one_cm":3239,"minecraft:play_time":83683,"minecraft:deaths":3,"minecraft:sneak_time":1258,"minecraft:walk_under_water_one_cm":1016,"minecraft:jump":543,"minecraft:walk_on_water_one_cm":1359,"minecraft:total_world_time":83683,"minecraft:fall_one_cm":20933}},"DataVersion":3465}