{"stats":{"minecraft:crafted":{"minecraft:air":0},"minecraft:used":{"minecraft:water_bucket":6,"minecraft:red_sand":1,"alexsmobs:transmutation_table":1,"minecraft:dispenser":4,"minecraft:quartz_block":115,"minecraft:anvil":2,"travelersbackpack:standard":1,"minecraft:smithing_table":1,"minecraft:bucket":4,"minecraft:diamond_helmet":1,"alexsmobs:animal_dictionary":2,"minecraft:chiseled_quartz_block":51,"minecraft:coarse_dirt":19,"minecraft:orange_terracotta":1,"minecraft:enchanted_golden_apple":3,"minecraft:splash_potion":149},"minecraft:dropped":{"minecraft:water_bucket":1,"minecraft:gunpowder":2,"minecraft:milk_bucket":1,"minecraft:coarse_dirt":2,"alexsmobs:animal_dictionary":1,"minecraft:iron_chestplate":1,"minecraft:netherite_helmet":2,"minecraft:netherite_chestplate":2,"minecraft:netherite_boots":2,"minecraft:iron_helmet":1,"minecraft:iron_leggings":1,"gravestone:obituary":3,"minecraft:iron_boots":1,"minecraft:netherite_leggings":2,"minecraft:stick":6},"minecraft:mined":{"minecraft:oak_leaves":1},"minecraft:killed":{"minecraft:witch":1,"born_in_chaos_v1:restless_spirit":1,"born_in_chaos_v1:door_knight":1,"minecraft:enderman":1},"minecraft:killed_by":{"minecraft:player":1},"minecraft:picked_up":{"minecraft:stick":8,"minecraft:netherite_boots":1,"minecraft:coarse_dirt":1,"minecraft:enchanted_book":1,"gravestone:obituary":1,"minecraft:carrot":1,"minecraft:gunpowder":4,"minecraft:netherite_leggings":1,"minecraft:dirt":1,"alexsmobs:animal_dictionary":1,"minecraft:orange_terracotta":38,"minecraft:rotten_flesh":2,"minecraft:netherite_helmet":1,"minecraft:red_sand":21,"minecraft:glass_bottle":2,"minecraft:netherite_chestplate":1},"minecraft:custom":{"minecraft:interact_with_smithing_table":5,"minecraft:time_since_rest":21638,"minecraft:walk_one_cm":50468,"minecraft:sprint_one_cm":19477,"minecraft:damage_taken":3255,"minecraft:damage_absorbed":88,"minecraft:interact_with_anvil":2,"minecraft:mob_kills":4,"minecraft:drop":26,"minecraft:damage_dealt":27,"minecraft:swim_one_cm":301,"minecraft:fly_one_cm":238146,"minecraft:crouch_one_cm":3093,"minecraft:interact_with_loom":2,"minecraft:play_time":46698,"minecraft:deaths":2,"minecraft:sneak_time":1106,"minecraft:walk_under_water_one_cm":1016,"minecraft:damage_dealt_resisted":2646,"minecraft:jump":287,"minecraft:time_since_death":21615,"minecraft:walk_on_water_one_cm":1359,"minecraft:damage_resisted":22,"minecraft:total_world_time":46698,"minecraft:fall_one_cm":20933}},"DataVersion":3465}